title,price
Toneris Quantec Samsung Xpress M2020 M2022 M2026 M2070 Samsung MLT-D111S,9.44
"Toneris Quantec HP W1106A 106A, ar mikroshēmu, 1000 lapas, melns",12.47
"Printera kasetnes toneris Samsung MLT-D111S, melnā krāsā",10.49
"Tonera kasetne analogs Samsung Mlt-D111S M2020/M2020W/M2022/M2022W, M2070/M2070W/M2070F/M2070FW/M2026/M2026W",10.89
Samsung MLT-D111S M2020,11.09
"Samsung MLT-D111S, melna",9.90
Printera kasetne toneris Samsung MLT-D111S (palielināta ietilpība L izmērs),12.49
Analoga kasetne tintes printeriem Canon Pg-545Xl Bk New,18.90
"Dragon Brother TN-2420, melns",13.89
TFO Samsung MLT-D111S Lāzedrukas kasete priekš M2020W SL-M2070FW sērijas 1K Lapas HQ Premium Analogs,11.50
HP 142A W1420A,49.95
PANTUM PA-210 PA210 P-210 P210 TONER DOFE Analog BK,24.99
BROTHER TN243CMYK,180.00
Samsung MLT-D101S - ML-2160/SCX-3400,9.01
"Dragon Samsung MLT-D111S New Chip, melns",12.09
Printera kasetne toneris HP CF244A,9.99
Printera kasetnes toneris Brother TN-2420,9.97
Printera kasetne toneris Samsung MLT-D111S,10.49
TFO Brother TN-2420 Lāzedrukas kasete priekš DCP-L2530DW / L2510D/ HL-L2375DW / 2370DN 3K Lapas HQ Premium Analogs,10.79
"Toneris Quantec HP 44A CF244A, melns",7.99
Printera kasetne toneris HP CF244A (HP 44A),9.49
"Samsung MLTD111L Laser Dragon, black",12.69
Printera kasetnes toneris Samsung MLT-D111L New Chip (Lielāks tilpums),11.49
HP Q2612A / FX10 / CRG703 Quantec,6.99
HP printera kasetne toneris W1106A ( HP 106A) Bez mikroshēmas,12.49
Printera kasetnes toneris Brother TN-1030 / TN-1050,8.90
Printera kasete toneris Samsung MLT-D1042S,11.55
TFO Samsung MLT-D101S Lāzedrukas kasete priekš ML-2160 SCX-3400 sērijas 1.5K Lapas HQ Premium Analogs,7.74
"HP toner cartridge yellow (W2032X, 415X)",234.00
"Toner Action 44A CF244A, melns",8.99
"Printera kasetne Samsung MLT-D 1042S / ML-1660, melna",13.90
"Printera kasetne Samsung MLT-D101S / ML-2161, melna",10.99
Printera ekvivalenta kasetne toneris CE285A / CAN725,7.19
ColorWay toner cartridge (Econom) for HP CB435A/CB436A/CE285A; Canon 712/713/725,7.50
"Toneris Samsung MLT-D101S, melns",9.01
Toneris HP 85A CE285A / CRG725 Quantec 2000psl.,6.99
"Epson C13T00S64A ink cartridge 4 pc(s) Original Black, Cyan, Magenta, Yellow",29.70
"Printera kasetne HP Q2612A (HP 12A ) / Canon FX-10, melna",7.99
Tonera kasetne analogs Brother Tn2420 / Tn-2420 / Tn2410 / Tn-2410 Black,15.49
HP 106A tonera kasetne ( W1106A ) bez mikroshēmas,12.49
Quantec HP W1420A,27.99
Dore 142A W1420A,19.90
Printera kasetnes toneris Samsung SCX-4300 (MLT-D1092S) (SU790A),13.99
TFO HP 79A CF279A Lāzedrukas kasete M12 M12a M12w M26a M26nw 1K Lapas HQ Premium Analogs,10.00
Analoog trummel Samsung CLT-R406 16000 lk,37.00
Printera kasetne toneris Xerox 3020 / 3025 106R02773,12.65
Hallo Samsung MLT-D111S Lāzedrukas kasete printeriem M2020W / SL-M2070FW Analogs,11.95
Printera kasetnes toneris HP CF 283A ( HP 83A),7.49
Dragon HP CE285A CB435A CB436A / Canon CRG-725 Lāzedrukas kasete 2K Lapas HQ Premium Analogs,7.49
HP CE278A/Canon728,7.89
Oriģinālais Toneris HP CF244A Melns,58.00
TFO Brother TN-2320 Lāzedrukas kasete priekš DCP-L2500D MFC-L2700DN 2.6K Lapas HQ Premium Analogs,7.95
"Dragon HP CF244A, melns",13.99
"Printera kasetnes toneris Samsung MLT-D111S, MLT-D111S",9.50
Oriģinālais Toneris Brother TN2420 Melns,82.35
Analoga kasetne tintes printeriem Canon Cl-546Xl Tricolor,18.90
Analogais toneris SAMSUNG CLT-K404S Black 1500 lk,24.00
"Neoriģināls Barva Epson 103 C (C13T00S24A), zils kārtridžs tintes printeriem, 100 ml",4.39
Analogais toneris HP 117A (W2072A) Yellow 700 lk,24.00
Analogā tonera komplekts HP 203X / CF540X (BK/C/M/Y),92.00
"Neoriģināls Barva Epson 103 Y,C13T00S44A, dzeltens kārtridžs tintes printeriem, 100 ml",4.39
"Neoriģināls Barva Epson 103 M (C13T00S34A), violets kārtridžs tintes printeriem, 100 ml",4.39
Printera kasetnes toneris Samsung MLT-D1082S,12.49
Printera kasete toneris HP CF294A (HP 94A),10.99
Samsung MLT-D101S ML-2160,17.69
"Printera kasetne HP CF244X, CF244A",13.39
"ColorWay Toner Cartridge, Black, HP Q2612A (12A); Canon 703",12.49
Toneris Brother,64.80
Toneris Actis TS-1660A (Samsung MLT-D1042S; 1500 psl.; melns),14.49
Brother TN2420TWIN,140.00
"Brother DR-2200, Drum",77.00
Hewlett-Packard CF237A,202.90
"Samsung MLT-D111L (SU799A), melna",12.99
Orink 142A W1420A,39.90
"Tonera Actis TH-79A 79A CF279A kasetne HP lāzerprinteriem, melna",10.64
"HP (W2030XH, 415X), melna kasetne",136.99
Printera kasetne toneris HP CB435A / CB436A / CE285A / CE278A,7.99
Hallo Samsung MLT-D111L Lāzedrukas kasete priekš M2020W / SL-M2070FW 1.8K Lapas (Analogs),12.95
Oriģināls toneris Canon 052H (2200C002) Black 9200 lk,140.00
Analogs tonera komplekts Kyocera Tk-895 Cmyk,118.00
Toneris Actis Samsung MLT-D111S,9.68
"Tonera kasetne analogs Samsung Ml-2010, Ml-2015",18.90
Printera kasetne HP CF540X,21.39
Printera kasetne HP CF294X,13.70
ColorWay toner cartridge for HP CB435A/CB436A/CE285A; Canon 712/713/725,10.00
"ColorWay Econom Toner Cartridge, Black, Samsung MLT-D111L",15.89
"Printera kasetne Samsung MLT-D111S/ELS (ar810A), melna",57.00
"Toneris Brother TN-2320, melns",71.55
"Toneris HP CF294X XL / 94X 3,5K, melns",10.99
Hallo HP 85A CE285A CB435A CB436A / Canon CRG-725 Lāzedrukas kasete 2K Lapas (Analogs),8.95
"Toneris CE278A / Canon CGR-728, melns",6.75
Printera kasetne Samsung MLT-D1082S / ML-1640,16.99
Quantec Brother TN-2420,8.62
Analogā tonera komplekts HP 117A (BK/C/M/Y),90.00
Analoog trummel Brother DR-2400 DRUM 12000 lk,22.00
"Quantec CE505X / CF280X / CAN719H, lielāka tintes ietilpības kasetne, XL",9.30
Printera kasetne toneris Brother TN-2410 (TN2410),13.99
Tooner CF280X Compatible for HP LJ Pro 400 M401/MFP M425 6800 lk,24.00
Printera kasetne toneris Samsung MLT-D119S,17.90
"Printera kasetne toneris HP CF244A (HP 44A), melna",10.49
Oriģināls toneris HP 130A / CF350A Black 1300 lk,68.00
"top20-baltic new Brother TN-1000 / TN-1030 / TN-1050, melns, 1000 lpp.",5.59
Printera kasetne toneris HP 106A (W1106A),23.99
"ColorWay Econom Toner Cartridge, Black, HP Q2612A (12A); Canon 703",10.00
Samsung PP-MLT-R116,13.50
"Toneris H-117AB (W2070A) TFO 1k, melns",16.81
Canon 057H Canon 3010C002,139.90
Ekvivalentais kārtridžs printerim Samsung MLT-D111XL (palielināta ietilpība),12.99
Printera kasete toneris HP 106A (W1106A),24.99
Tonera kasetne analogs Samsung Mlt-D111L (1800 Lehte),12.89
Brother Drum DR-2400 (DR2400),83.00
Toner C-047PF (CRG047) TFO 1.6K,6.41
Hallo HP 79A CF279A Lāzedrukas kasete priekš M12 / M12a / M12w / M26a / M26nw 1K Lapas (Analogs),8.95
"Kārtridžs CF294X lāzera printeriem HP - palielināts tilpums, 2800 lappuses, melns",10.99
"Quantec HP CF351A / CE311A (HP 126A / 130A), zils",8.99
"Analoga tonera kasetne Hp 131A, Cf212A Yellow",15.31
Analogais toneris PE 220 Xerox WC PE220 3000lk,22.00
"Printera kasetne toneris HP Q2612X, melns",12.50
Quantec HP CF353A / CE313A (HP 126A / 130A) purpursarkana,8.99
"Analoga tonera kasetne Hp 131A, Cf211A Cyan",15.00
Tooner ML-2250 Compatible for Samsung ML-2250/ML-2251/ML-2252 5000 lk,24.00
Toneris Samsung ML1610/ML2010 SCX4521/106R01159,10.73
Tonera kasetne analogs Konica Minolta Tn-114,19.00
Tonera kasetne analogs Samsung Ml-1610 / 2010,15.00
Analogais toneris HP 117A (W2071A) Cyan 1000 lk,24.00
"Printera kasetne toneris HP CF283A (HP 83A), melna",7.69
Oriģināls toneris HP 117A (W2070A) Black 1000 lk,57.00
"Samsung MLT-D111S XL, Augstākas tvertnes",11.99
HP W1350A 135A Toneris Dore saderīga Melna,32.90
Printera kasetne toneris HP CF294X ( HP 94X ),12.99
HP printera kasetne toneris HP 106A ( HP W1106A) Bez mikroshēmas,12.49
Kasetne HP CF283X / CAN737 2400PSL BK Jauna,9.40
"Toneris Black Point LBPS111S (Samsung MLT-D111S), Melns",42.49
RoGer Samsung MLT-D111S,12.99
Tintes ActiveJet Epson AE-664Bk 100 ml Melna T6641 tonera kasetne,1.90
Tintes ActiveJet Epson AE-664Y 100ml Dzeltena T6644 tonera kasetne,1.90
Tintes ActiveJet Epson AE-664C 100ml zila T6642 tonera kasetne,2.43
Tinte ActiveJet Epson AE-664M 100ml Magenta T6643 tonera kasetne,2.43
Xerox 006R01693,50.99
"Actis TS-4200A toneris Samsung SCX-D4200A lāzerprinterim, 3000 lapas, melns",11.90
Toner ActiveJet AT-85N | Black | 2000 p. | HP CE285A,20.19
"ColorWay Econom Toner Cartridge, Black, HP CF226X",14.88
Toner Brother TN1030 black | 1000 pgs | HL1110/1112 / DCP1510/1512,38.99
"Tintes kasetne Canon PG-40, Melna",19.46
Printera kasetne SAMSUNG MLT-D1042S,18.00
Dragon Samsung ML-1610 / ML-2010 (D119D3) melns,15.49
Xerox 006R01696,40.09
Brother TN247BK TWIN - 2-pack - High Yield - black - original - toner cartridge,174.00
HP Q2612/ Canon 703/FX10,8.90
"Canon - Toner CRG-725 1,6k",18.76
"Toneris ACTIS TH-106A (saderīgs ar HP 106A W1106A, jauns) ar mikroshēmu",30.19
"Toneris H-117AY (W2072A) TFO 0.7k, dzeltens",11.67
"Neoriģināla kasetne Static Control Samsung MLT-D111S (SU810A) jauna mikroshēma, melna",19.14
HP 103A Neverstop Toner Reload Kit,13.39
"ColorWay Econom Toner Cartridge, Black,",13.79
"Printera kasetne HP 203X (CF542X), dzeltena",112.05
Canon PG-540 Black Ink Cartridge (for MG2150),23.00
Ink C-551MXL (CLI551XL M) TFO 12ml,1.89
Ink C-551CXL (CLI551XL C) TFO 12ml,1.89
Ink C-551YXL (CLI551XL Y) TFO 12ml,1.89
Kārtridžs Canon CF2790B002,62.00
Toneris HP 19A,85.00
"Etiķetes Dymo, 32 x 57 mm / (11354 / S0722540)",30.25
Printera kasetne toneris Samsung MLT-D103L,17.90
Printera kasete toneris Canon EP26 / EP27 / X25,16.90
Hallo HP Q2612A (12A) / Canon FX-10 = FX-9 Lāzedrukas kasete priekš CRG-703 / CR-303 / CRG-103 2K Lapas (Analogs),8.95
"Tonera kasetne analogs Hp 94A, Cf294A Black",13.99
Analogais toneris HP 94A (CF294A) Black 1200 lk,22.00
"Neoriģināla kasetne new Samsung MLT-D116L BULK, melna, augsts ražīgums, 3000 lpp.",10.60
"TONER SAMSUNG SCX-D4200, 3000 p.",10.82
TFO HP 85A CE285A / Canon CRG-725 Lāzedrukas kasete 1.6K Lapas HQ Premium Analogs,7.61
Printera kasete toneris Samsung MLT-D116L (SU828A),33.96
"Analoga tonera kasetne Hp 106A, W1106A Black (Kiibiga)",22.99
Printera kasetne SAMSUNG MLT-D101S,21.78
Oriģināls toneris HP 106A (A1106A) Black 1000 lk,59.00
Analogā tonera komplekts Samsung CLT-406S / P406 (BK/C/M/Y),82.00
Oriģināls toneris HP CF530A (205A) Black 1100 lk,62.00
"HP printera kasetne toneris CF540X / Canon CRG054X (HP 203A) melna, palielināta ietilpība",13.18
"HP printera kasetne toneris CF541X / CRG054H (HP 203a) zilas krāsas, palielināts ietilpība",13.18
"Printera kasetne Xerox PE220, melns",13.99
Hallo Canon C-731B / HP 125A / CB540A / CE320A / CF210X / Lāzedrukas kasete priekš MF623CN / MF8230CN / LBP7110CW / CP1215 / CP1510 / 2.2K Lapas (Analogs),13.50
Tonera kasetne analogs Samsung Mlt-D116L,12.99
"Tonera kasetne analogs Xerox Phaser 3140, 3155, 3160 / 108R00908",24.00
Pantum TL-410,39.83
Analogais toneris HP 12A (Q2612A) 3-pack,40.00
Samsung MLT-D1042S / ML-1660,10.99
Printera kasetnes toneris HP CF279A,9.79
"HP 2612A / Canon FX10, melns",8.99
Tonera kasetne analogs Brother Tn-2320,9.99
Analogais toneris Canon FX-10/FX-9 2000 lk,20.00
"Toneris HP 83A / CF283A, 1600 lpp.",6.79
Printera kasetnes toneris Samsung SCX-4200,16.99
HP printera kasetne toneris CF 217A (HP 17A),13.99
"Lāzedrukas kasete priekš ML-1640 / ML-1641 / ML-2240 / ML-2241 1500, Hallo Samsung MLT-D108S, Lapas (Analogs)",14.20
Canon Toner C-EXV 29 Cyan (2794B002),98.31
"Printera kasetne Samsung MLT-D119S / ML-1610 / ML-2010 / SCX-4521 / Xerox Phaser 3117 / 3125, melna",16.90
"Neoriģināla HP CE278A/ Canon CRG928/726/728, melna kasetne lāzerprinteriem, 2100 lpp., iepakojumā 2 gab.",22.85
HP CB435A/CB436A/CE278A/CE285A,6.99
"Toneris TFO piemērots lāzerprinterim, analogas Brother HP CF283X/Canon CRG-737",10.29
HP CF 283A,8.59
Printera kasetne toneris HP CF279X,14.90
Brother TN-2420 (TN2420),8.99
Expression CE411A,18.99
Xerox 006R01695,19.90
HP 12A Duble-pack (Q2612AD),145.99
Actis TS-1910X Samsung MLT-D1052L (ATS-1910X palielināta ietilpība) 2500 lpp.,12.69
Xerox 106R01596,144.00
Xerox 106R01567,382.00
"Dragon HP CE505X/280/CRG719, melns",13.49
Xerox 006R01573,46.89
Prism ZSL-CLP320YNP,23.99
Xerox 106R03523,184.00
Toneris Xerox 006R03806 Fuksīns,29.49
"Brother LC229XL Value Ink Cartridge pack, melns/zils/sarkans/dzeltens",81.50
Kasetne lāzerprinteriem Activejet AB-6000Bk,1.90
Kasetne lāzerprinteriem Activejet AH-GT52M,2.50
Kasetne lāzerprinteriem Activejet AH-GT51Bk,2.00
HP 120A (W1120A),113.00
"Printera kasetne SAMSUNG MLT-D204L, melna",17.39
Prism ZBL-TN3430NP,14.89
Printera kasetne HP CF412X,18.39
"Brother TN413BK, TN423BK, TN433BK, TN443BK, melns",13.89
"CANON 052H 2200C002, melna",131.00
Printera kasetne CANON FX-3,14.89
Printera kasetne HP CE320A,15.39
"HP CE322A, dzeltens",15.39
Printera kasetne SAMSUNG CLP-320,15.99
Printera kasetne HP CE410X,20.39
TB Print TB-DR241CN,14.50
"Toneris Xerox Tóner de Rendimiento estándar Negro Everyday, HP W1106A equivalente de Xerox, 1000 páginas Melns",29.59
ColorWay toner cartridge Black for Samsung MLT-D1042S,18.85
Quantec HAN-02758,13.99
"Printera kasetne Xerox DMO 3215 HC (106R02778), melna",65.90
CANON CRG-729M Cartridge magenta LBP7010C LBP7018C,48.99
Xerox 106R02773,66.30
HP CF217X,13.50
"Toneris Brother TN426M, Violets",223.00
Toner Kyocera TK-1125 | 2100 pages | Black | FS-1325MFP FS-1061DN,67.30
"Extra Digital CF217A, melns",38.99
Superbulk 304XLB,14.49
"Printera kasetnes cilindrs BROTHER DR1000, DR1050, DR1080",11.00
Toner schwarz TN-2220 (schwarz),64.80
"Ricoh MP C305E (842080) (Alt: 841597), melns kārtridžs lāzera printeriem",48.29
"ColorWay Econom Toneris lāzera printerim Canon:737, HP CF283X",9.99
Printera kasetne HP CB540A,15.90
Quantec TON-2384,13.49
Toneris OKI 46507508 Melns,87.00
"Dragon HP CC531/CF381/CE411A, gaiši zils",14.00
"Dragon HP CF402X/CRG045H, dzeltens",14.00
Dragon HP CF259X (bez čipa),14.00
Dragon Brother TN243BK/247BK melns,14.00
"Dragon HP CF532A, dzeltens",14.00
Dragon HP C7115X/Q2613X/24,13.50
"Dragon Brother TN241, melns",11.90
TB TH92AN,14.50
"Dragon Brother TN243M/247M, violets",14.50
"Dragon HP CC533/CF383/CE413, rozā",14.50
"HP Nr.56A (CF256A), melns kārtridžs",40.89
Kasetnes lāzerprinterim Ricoh 407383,75.00
Activejet Epson 101 AE-101C,2.50
"HP (CF259A, 59A), melna kasetne",112.00
"Canon 067 (5102C002), melns",69.00
Kartridž toneris HP 278A LJ P1566/1606 (10TH-78A) BULK,13.39
Xerox 006R04395,96.00
HEWLETT-PACKARD,133.00
Printera kasetnes cilindrs HP 120A,35.50
Incore IH128ACO,30.50
HP printera kasetne 412A CF412A,139.00
"Toneris Xerox Everyday Amarillo compatible con HP 207A (W2212A), Dzeltens",47.50
"Epson C13T66464A ink cartridge 4 pc(s) Compatible Black, Cyan, Magenta, Yellow",32.29
OKI - Toneris C332/MC363 Magenta 1.5K 46508714,83.50
ColorWay toner cartridge Black for Samsung MLT-D111S,22.50
Samsung CLT-K 406 S,58.00
Black Point BLHCF531AC,64.99
HP CF230,21.49
TFO HP Q7553A / CRG 708 Lāzedrukas kasete priekš M2727 P2015 P2014 3K Lapas HQ Premium Analogs,11.50
"Printera kasetne Xerox DMO 3025 (106R02773), melna",73.25
TFO Canon CLI-551BK Melns Tintes Kārtridžs 12ml priekš Pixma ip7250 uc. 6443B001 HQ Premium Analogs,1.69
Toner TFO Canon C-051APF (CRG051) Melna Lāzedrukas kasete priekš i-SENSYS LBP162dw \ ni-SENSYS MF264dw u.c. 1.7K Lapas HQ Premium Analogs,4.40
TFO Canon CLI-521BK Melns Tintes Kārtridžs 11ml priekš Pixma ip3600 uc. 2933B001AA HQ Premium Analogs,1.69
Oriģinālais Tintes Kārtridžs Canon CL-546 13 ml,25.62
Activejet ATM-216CN toneris Konica Minolta printerim; Konica Minolta TN216C nomaiņa; Augstākā; 26000 lappušu; Ciāna,30.90
"HP W1143A, melns",20.25
HP Q2624A toneris BK -,14.59
"Lāzera kārtridžs Lexmark (X264H11G), melns",75.99
"DYMO D1 lente, 24 mm x 7 m, melna uz dzeltena",22.11
"Toner H-59X (CF259X) TFO 10K, no chip",22.19
"Toneris TFO H-126BPF (CE310A, Bk) 1.2K patent free, melns",9.69
"HP 415A (W2030A) Quantec, melns Bez mikroshēmas",18.99
"Canon CRG-052H, melns",30.99
Toneris Canon 057 Melns,93.15
"TelForceOne Toner C-725C / CE285A, melns",6.00
"ColorWay CW-C737M Econom Toneris lāzera printerim Canon 737, HP CF283X (melns)",13.49
"Kasetne Static-Control Samsung (CLT-Y404S/ELS) dzeltena, 1000 lpp.",36.94
"Canon CRG 719 (3479B002), melns kārtridžs",105.54
